{
  "sections": [
    {
      "type": "breadcrumbs",
      "enabled": true
    },
    {
      "type": "page-title",
      "title": "Onze Online | Site Oficial",
      "description": "As melhores ofertas em eletrônicos, informática, acessórios e muito mais, você encontra no site do Onze Online! Confira!"
    },
    {
      "type": "document-banner",
      "enabled": true
    },
    {
      "type": "collection-retail",
      "enabled": true,
      "sort": "sales"
    },
    {
      "type": "document-description",
      "enabled": true
    }
  ]
}