{
  "meta_title": "Onze Online - Produtos Eletrônicos | RA Verificada ",
  "meta_description": "Preço bom é na Onze Online. Garantia e Qualidade. Confira! Produtos com Ótimos Preços e Grande Variedade.",
  "sections": [
    {
      "type": "banner-slider",
      "autoplay": 9000,
      "full_width": true,
      "slides": [
        {
          "start": "2022-09-07T23:46:12.038Z",
          "end": "",
          "img": "/img/uploads/raverificadaseloonzeonline.png",
          "alt": "Banner sample two",
          "mobile_img": "/img/uploads/raverificadaseloonzeonline.png",
          "link": "https://www.reclameaqui.com.br/empresa/onze-onine/"
        },
        {
          "start": "2022-09-19T17:59:24.993Z",
          "end": "",
          "img": "/img/uploads/amazonalexaonzeonline.png",
          "link": "https://www.onzeonline.com.br/echo-dot-4-geracao-smart-speaker-com-alexa---cor-preta"
        }
      ]
    },
    {
      "type": "info-bar",
      "enabled": true
    },
    {
      "type": "collection-shelf",
      "shuffle": true,
      "collection_id": null,
      "sort": "offers",
      "title": "",
      "headless": false,
      "limit": 12,
      "page": 1
    },
    {
      "type": "brands-carousel",
      "limit": 24,
      "offset": 0
    },
    {
      "type": "collection-shelf",
      "shuffle": false,
      "limit": 12,
      "page": 1,
      "collection_id": "6318cb3f73321213f86aae69:categories:GAMER:/gamer"
    },
    {
      "type": "responsive-banner",
      "img": "/img/uploads/consultor-onze.jpeg",
      "link": " https://wa.me/+5521997447001?text=Atendimento%20Humanizado%20Onze%20Online"
    },
    {
      "type": "collection-shelf",
      "shuffle": true,
      "limit": 12,
      "page": 1,
      "collection_id": "631919a073321213f86b0809:categories:HEADSET:/headset"
    },
    {
      "type": "responsive-banner",
      "img": "/img/uploads/onzeps5.png",
      "link": "https://www.onzeonline.com.br/playstation-5-825gb"
    }
  ]
}